cfg,label,reason,traceback
C:\Users\hafizna.fadhli\Downloads\36. DFR GANGGUAN UIT JBT\raw_data\UPT BANDUNG\2024\11. NOVEMBER\REKAMAN GANGGUAN BDSLN-DEPOK MAIN A 15-11-2024_PETIR\REKAMAN GANGGUAN BDSLN-DEPOK MAIN A 15-11-2024\28_1511202465026310_FRA00028.CFG,PETIR,protection=UNKNOWN,
C:\Users\hafizna.fadhli\Downloads\36. DFR GANGGUAN UIT JBT\raw_data\UPT BANDUNG\2024\11. NOVEMBER\REKAMAN GANGGUAN BDSLN-DEPOK MAIN A 15-11-2024_PETIR\REKAMAN GANGGUAN BDSLN-DEPOK MAIN A 15-11-2024\29_1511202465027983_FRA00029.CFG,PETIR,protection=UNKNOWN,
C:\Users\hafizna.fadhli\Downloads\36. DFR GANGGUAN UIT JBT\raw_data\UPT BANDUNG\2024\11. NOVEMBER\REKAMAN GANGGUAN BDSLN-DEPOK MAIN A 15-11-2024_PETIR\REKAMAN GANGGUAN BDSLN-DEPOK MAIN A 15-11-2024\30_1511202465033983_FRA00030.CFG,PETIR,no fault detected,
C:\Users\hafizna.fadhli\Downloads\36. DFR GANGGUAN UIT JBT\raw_data\UPT BANDUNG\2024\11. NOVEMBER\REKAMAN GANGGUAN BDSLN-DEPOK MAIN A 15-11-2024_PETIR\REKAMAN GANGGUAN BDSLN-DEPOK MAIN A 15-11-2024\31_1511202465037958_FRA00031.CFG,PETIR,no fault detected,
C:\Users\hafizna.fadhli\Downloads\36. DFR GANGGUAN UIT JBT\raw_data\UPT BANDUNG\2024\11. NOVEMBER\REKAMAN GANGGUAN BDSLN-DEPOK MAIN A 15-11-2024_PETIR\REKAMAN GANGGUAN BDSLN-DEPOK MAIN A 15-11-2024\Gangguan GITET BDSLN - DEPOK 15-11-2024.CFG,PETIR,protection=DIRECTIONAL_EF,
C:\Users\hafizna.fadhli\Downloads\36. DFR GANGGUAN UIT JBT\raw_data\UPT BANDUNG\2025\03. MARET\07032025 GI CGRLG - MJLYA #2 PETIR\07032025 CGRLG - MJLYA  2\07.03.25 15.31.27.000.000.CFG,PETIR,no fault detected,
C:\Users\hafizna.fadhli\Downloads\36. DFR GANGGUAN UIT JBT\raw_data\UPT BANDUNG\2025\03. MARET\07032025 GI CGRLG - MJLYA #2 PETIR\07032025 CGRLG - MJLYA  2\07.03.25 15.39.51.000.000.CFG,PETIR,no fault detected,
C:\Users\hafizna.fadhli\Downloads\36. DFR GANGGUAN UIT JBT\raw_data\UPT BANDUNG\2025\03. MARET\07032025 GI CGRLG - MJLYA #2 PETIR\07032025 CGRLG - MJLYA  2\20250307_153951_427_r108.cfg,PETIR,no fault detected,
"C:\Users\hafizna.fadhli\Downloads\36. DFR GANGGUAN UIT JBT\raw_data\UPT BANDUNG\2025\04. APRIL\10042025 GI GIGERELENG- SUKALUYU BENDA ASING\10042025 GI GIGERELENG- SUKALUYU\230707,133810888,+7h0,GI CIGERELENG,CNJUR-RJMDL,Qualitrol LLC.cfg",BENDA_ASING,protection=UNKNOWN,
C:\Users\hafizna.fadhli\Downloads\36. DFR GANGGUAN UIT JBT\raw_data\UPT BANDUNG\2025\04. APRIL\10042025 LMJAN PLNGN 1 PETIR\10042025 LMJAN-PLNGN 1\DR\Thursday 10 April 2025 13.00.38.000.CFG,PETIR,protection=UNKNOWN,
C:\Users\hafizna.fadhli\Downloads\36. DFR GANGGUAN UIT JBT\raw_data\UPT BANDUNG\2025\04. APRIL\10042025 LMJAN PLNGN 2 PETIR\GANGGUAN BAY PLENGAN 2 10-04-2025\DR\Monday 02 May 2011 15.03.35.000.CFG,PETIR,protection=UNKNOWN,
C:\Users\hafizna.fadhli\Downloads\36. DFR GANGGUAN UIT JBT\raw_data\UPT BEKASI\2024\Jan 2024\10012024 - Final Trip GISTET New Tambun bay Cibinong dan Busbar B KONDUKTOR\GANGUAN\GANGUAN\CBF 7B3\CBF B3 CBINONG 1_90_101202432215909_FRA00090.CFG,KONDUKTOR,protection=UNKNOWN,
C:\Users\hafizna.fadhli\Downloads\36. DFR GANGGUAN UIT JBT\raw_data\UPT BEKASI\2024\Jan 2024\10012024 - Final Trip GISTET New Tambun bay Cibinong dan Busbar B KONDUKTOR\GANGUAN\GANGUAN\CBF 7B3\CBF B3 CIBINONG 1_91_101202432216999_FRA00091.CFG,KONDUKTOR,protection=UNKNOWN,
C:\Users\hafizna.fadhli\Downloads\36. DFR GANGGUAN UIT JBT\raw_data\UPT BEKASI\2024\Jan 2024\10012024 - Final Trip GISTET New Tambun bay Cibinong dan Busbar B KONDUKTOR\GANGUAN\GANGUAN\MAIN B CIBINONG 2\COMTRADE_20240110_062517.CFG,KONDUKTOR,protection=UNKNOWN,
C:\Users\hafizna.fadhli\Downloads\36. DFR GANGGUAN UIT JBT\raw_data\UPT BEKASI\2024\Jan 2024\10012024 - Final Trip GISTET New Tambun bay Cibinong dan Busbar B KONDUKTOR\GANGUAN\GANGUAN\MAIN B CIBINONG 2\COMTRADE_20240110_062518.CFG,KONDUKTOR,protection=UNKNOWN,
C:\Users\hafizna.fadhli\Downloads\36. DFR GANGGUAN UIT JBT\raw_data\UPT BEKASI\2024\Jan 2024\10012024 - Final Trip GISTET New Tambun bay Cibinong dan Busbar B KONDUKTOR\GANGUAN\GANGUAN\MAIN B CIBINONG 2\COMTRADE_20240110_062522.CFG,KONDUKTOR,The truth value of an array with more than one element is ambiguous. Use a.any() or a.all(),"record.time[-1] - record.time[0]) * 1000.0) if getattr(record, ""time"", None) else None
                                                                               ~~~~~~~^^^^^^^^^^^^^^^^^^^^^^
ValueError: The truth value of an array with more than one element is ambiguous. Use a.any() or a.all()
"
C:\Users\hafizna.fadhli\Downloads\36. DFR GANGGUAN UIT JBT\raw_data\UPT BEKASI\2024\Jan 2024\10012024 - Final Trip GISTET New Tambun bay Cibinong dan Busbar B KONDUKTOR\GANGUAN\GANGUAN\MAIN B CIBINONG 2\COMTRADE_20240110_062523.CFG,KONDUKTOR,The truth value of an array with more than one element is ambiguous. Use a.any() or a.all(),"record.time[-1] - record.time[0]) * 1000.0) if getattr(record, ""time"", None) else None
                                                                               ~~~~~~~^^^^^^^^^^^^^^^^^^^^^^
ValueError: The truth value of an array with more than one element is ambiguous. Use a.any() or a.all()
"
C:\Users\hafizna.fadhli\Downloads\36. DFR GANGGUAN UIT JBT\raw_data\UPT BEKASI\2025\Agustus 2025\20082025 Reclose New Tambun - Cibinong 2_PETIR\Main B bay Cibinong 2\Main B bay Cibinong 2\COMTRADE_20250820_091404.CFG,PETIR,The truth value of an array with more than one element is ambiguous. Use a.any() or a.all(),"record.time[-1] - record.time[0]) * 1000.0) if getattr(record, ""time"", None) else None
                                                                               ~~~~~~~^^^^^^^^^^^^^^^^^^^^^^
ValueError: The truth value of an array with more than one element is ambiguous. Use a.any() or a.all()
"
C:\Users\hafizna.fadhli\Downloads\36. DFR GANGGUAN UIT JBT\raw_data\UPT BEKASI\2025\Agustus 2025\20082025 Reclose New Tambun - Cibinong 2_PETIR\RECLOSE BAY CIBINONG 2 GISTET NEW TAMBUN MAIN A\MAIN A\50_20820258038578_FRA00050.CFG,PETIR,The truth value of an array with more than one element is ambiguous. Use a.any() or a.all(),"record.time[-1] - record.time[0]) * 1000.0) if getattr(record, ""time"", None) else None
                                                                               ~~~~~~~^^^^^^^^^^^^^^^^^^^^^^
ValueError: The truth value of an array with more than one element is ambiguous. Use a.any() or a.all()
"
C:\Users\hafizna.fadhli\Downloads\36. DFR GANGGUAN UIT JBT\raw_data\UPT BEKASI\2025\Januari 2025\24012025_GISTET New Tambun_bay Muaratawar_PETIR\24012025 - DFR Rele LCD bay Muaratawar GISTET NWTBN\MAIN B\disturbance record main B COMTRADE_20250124_091251.CFG,PETIR,The truth value of an array with more than one element is ambiguous. Use a.any() or a.all(),"record.time[-1] - record.time[0]) * 1000.0) if getattr(record, ""time"", None) else None
                                                                               ~~~~~~~^^^^^^^^^^^^^^^^^^^^^^
ValueError: The truth value of an array with more than one element is ambiguous. Use a.any() or a.all()
"
C:\Users\hafizna.fadhli\Downloads\36. DFR GANGGUAN UIT JBT\raw_data\UPT BEKASI\2025\Januari 2025\24012025_GITET Muaratawar_bay Tambun_PETIR\24012025 - DFR Rele LCD bay New Tambun GITET MRTWR\Main B\COMTRADE_20250124_091458.CFG,PETIR,The truth value of an array with more than one element is ambiguous. Use a.any() or a.all(),"record.time[-1] - record.time[0]) * 1000.0) if getattr(record, ""time"", None) else None
                                                                               ~~~~~~~^^^^^^^^^^^^^^^^^^^^^^
ValueError: The truth value of an array with more than one element is ambiguous. Use a.any() or a.all()
"
C:\Users\hafizna.fadhli\Downloads\36. DFR GANGGUAN UIT JBT\raw_data\UPT BOGOR\2022\02. februari\01022022 - Bunar rangkas PETIR\rangkas2.01feb22_agsys\rangkas2.01feb22_agsys\P442\1\DR\Tuesday 01 February 2022 14.20.42.000.CFG,PETIR,no fault detected,
"C:\Users\hafizna.fadhli\Downloads\36. DFR GANGGUAN UIT JBT\raw_data\UPT BOGOR\2022\02. februari\17022022 - Sentul cibinong#1 PETIR\cibinong 1\cibinong 1\220217,082149200,+7h0,GI 150KV SENTUL,CIBINONG 1-2,Qualitrol LLC.cfg",PETIR,protection=UNKNOWN,
C:\Users\hafizna.fadhli\Downloads\36. DFR GANGGUAN UIT JBT\raw_data\UPT BOGOR\2022\02. februari\19022022 - kracak-kedungbadak#1 BINATANG\Gangguan Kd. Badak 1 tgl 190222\Gangguan Kd. Badak 1\DR\Friday 26 April 2019 16.10.08.000.CFG,HEWAN,protection=UNKNOWN,
C:\Users\hafizna.fadhli\Downloads\36. DFR GANGGUAN UIT JBT\raw_data\UPT BOGOR\2022\02. februari\19022022 - kracak-kedungbadak#1 BINATANG\Gangguan Kd. Badak 1 tgl 190222\Gangguan Kd. Badak 1\DR\Monday 27 February 2017 14.28.57.000.CFG,HEWAN,protection=UNKNOWN,
C:\Users\hafizna.fadhli\Downloads\36. DFR GANGGUAN UIT JBT\raw_data\UPT BOGOR\2022\02. februari\19022022 - kracak-kedungbadak#1 BINATANG\Gangguan Kd. Badak 1 tgl 190222\Gangguan Kd. Badak 1\DR\Thursday 28 March 2019 13.05.27.000.CFG,HEWAN,protection=UNKNOWN,
C:\Users\hafizna.fadhli\Downloads\36. DFR GANGGUAN UIT JBT\raw_data\UPT BOGOR\2022\02. februari\19022022 - kracak-kedungbadak#1 BINATANG\Gangguan Kd. Badak 1 tgl 190222\Gangguan Kd. Badak 1\DR\Tuesday 19 October 2021 09.59.57.000.CFG,HEWAN,protection=UNKNOWN,
C:\Users\hafizna.fadhli\Downloads\36. DFR GANGGUAN UIT JBT\raw_data\UPT BOGOR\2022\02. februari\19022022 - kracak-kedungbadak#1 BINATANG\Kopel Kracak\Kopel Kracak\DR\Sunday 25 September 2011 21.14.53.000.CFG,HEWAN,protection=UNKNOWN,
C:\Users\hafizna.fadhli\Downloads\36. DFR GANGGUAN UIT JBT\raw_data\UPT BOGOR\2023\2023-02-24 GI 150 kV CIBINONG BAY GANDARIA 2 PETIR\137_2422023154952898_FRA00137.CFG,PETIR,The truth value of an array with more than one element is ambiguous. Use a.any() or a.all(),"record.time[-1] - record.time[0]) * 1000.0) if getattr(record, ""time"", None) else None
                                                                               ~~~~~~~^^^^^^^^^^^^^^^^^^^^^^
ValueError: The truth value of an array with more than one element is ambiguous. Use a.any() or a.all()
"
"C:\Users\hafizna.fadhli\Downloads\36. DFR GANGGUAN UIT JBT\raw_data\UPT BOGOR\2023\2023-05-04 SUTT 150 kV BUNAR BARU - RANGKAS 1,2 PETIR\Rangkas 1\AA1E1Q05FN1_DR96_20230503192327.cfg",PETIR,protection=UNKNOWN,
"C:\Users\hafizna.fadhli\Downloads\36. DFR GANGGUAN UIT JBT\raw_data\UPT BOGOR\2023\2023-05-04 SUTT 150 kV BUNAR BARU - RANGKAS 1,2 PETIR\Rangkas 2\AA1E1Q04FN1_DR135_20230503192327.cfg",PETIR,protection=UNKNOWN,
"C:\Users\hafizna.fadhli\Downloads\36. DFR GANGGUAN UIT JBT\raw_data\UPT BOGOR\2025\02. FEBRUARI\20250202_GITET CIBINONG BAY DIAMETER 7A4 DAN 7AB4_PETIR\250201,195332798,+7h0,GITET CIBINONG,SGLNG 1-IBT 1,Qualitrol LLC.cfg",PETIR,protection=UNKNOWN,
C:\Users\hafizna.fadhli\Downloads\36. DFR GANGGUAN UIT JBT\raw_data\UPT BOGOR\2025\02. FEBRUARI\20250207_GI LEMBURSITU BAY TRF#4_BINATANG ULAR\Thursday 06 February 2025 19.50.55.000.CFG,HEWAN,protection=TRANSFORMER_DIFF,
"C:\Users\hafizna.fadhli\Downloads\36. DFR GANGGUAN UIT JBT\raw_data\UPT BOGOR\2025\03. MARET\DFR eksternal GIS PRATU BAY SEMEN JAWA#1 010325 PETIR\250301,093921971,+7h0,SEMEN JAWA,PRATU 1 - PRATU 2,Qualitrol LLC.cfg",PETIR,protection=UNKNOWN,
"C:\Users\hafizna.fadhli\Downloads\36. DFR GANGGUAN UIT JBT\raw_data\UPT BOGOR\2025\03. MARET\DFR ekternal GIS PRATU BAY BAYAH#1 090325 PETIR\250309,094024430,+7h0,GIS PELABUHAN RATU,BAYAH 1-2,Qualitrol LLC.cfg",PETIR,protection=UNKNOWN,
"C:\Users\hafizna.fadhli\Downloads\36. DFR GANGGUAN UIT JBT\raw_data\UPT BOGOR\2025\03. MARET\DFR ekternal GIS PRATU BAY BAYAH#2 090325 PETIR\250309,094024430,+7h0,GIS PELABUHAN RATU,BAYAH 1-2,Qualitrol LLC.cfg",PETIR,protection=UNKNOWN,
"C:\Users\hafizna.fadhli\Downloads\36. DFR GANGGUAN UIT JBT\raw_data\UPT BOGOR\2025\11. NOVEMBER\2025-11-30 PHT BOGOR BARU - SALAK BARU PETIR\251130,084931930,+7h0,GI 150KV BOGOR BARU,CIBADAK BARU-SALAK BARU,Qualitrol LLC.cfg",PETIR,protection=UNKNOWN,
"C:\Users\hafizna.fadhli\Downloads\36. DFR GANGGUAN UIT JBT\raw_data\UPT BOGOR\2025\11. NOVEMBER\2025-11-30 PHT BOGOR BARU - SALAK BARU PETIR\251130,084933090,+7h0,GI 150KV BOGOR BARU,CIBADAK BARU-SALAK BARU,Qualitrol LLC.cfg",PETIR,protection=UNKNOWN,
"C:\Users\hafizna.fadhli\Downloads\36. DFR GANGGUAN UIT JBT\raw_data\UPT BOGOR\2025\12. DESEMBER\2025-12-01 PHT CIBINONG - CILEGON PETIR\251201,152203948,+7h0,GITET CIBINONG,CILEGON BARU,Qualitrol LLC.cfg",PETIR,protection=UNKNOWN,
C:\Users\hafizna.fadhli\Downloads\36. DFR GANGGUAN UIT JBT\raw_data\UPT BOGOR\2025\12. DESEMBER\2025-12-11 PHT SEMEN JAWA - LEMBURSITU 2 PETIR\ggn 11 12 25 GI SENJA bay lbsitu 2\Monday 30 September 2024 14.44.45.001.CFG,PETIR,The truth value of an array with more than one element is ambiguous. Use a.any() or a.all(),"record.time[-1] - record.time[0]) * 1000.0) if getattr(record, ""time"", None) else None
                                                                               ~~~~~~~^^^^^^^^^^^^^^^^^^^^^^
ValueError: The truth value of an array with more than one element is ambiguous. Use a.any() or a.all()
"
C:\Users\hafizna.fadhli\Downloads\36. DFR GANGGUAN UIT JBT\raw_data\UPT CIREBON\2022\02. FEBRUARI\01. RECLOSE SUTT 70 KV BANJAR - PANGANDARAN #2 (03 FEBRUARI 2022) BENDA ASING\DFR Eksternal\Bay Pangandaran GI Banjar.cfg,BENDA_ASING,protection=UNKNOWN,
C:\Users\hafizna.fadhli\Downloads\36. DFR GANGGUAN UIT JBT\raw_data\UPT CIREBON\2022\02. FEBRUARI\04. TRIP BAY TRAFO #1 DI GI GARUT (20 FEB 2022) BINATANG KUCING\RELE DIFFERENSIAL\DR\Saturday 19 February 2022 23.52.14.000.CFG,HEWAN,protection=TRANSFORMER_DIFF,
C:\Users\hafizna.fadhli\Downloads\36. DFR GANGGUAN UIT JBT\raw_data\UPT CIREBON\2022\02. FEBRUARI\08. RECLOSE SUTET 500 KV TASIKMALAYA-KESUGIHAN #1 (26 FEBRUARI 2022) PETIR\Download Rele Main A dan B Kesugihan 1\Reclose kesugihan 1 26022022 main a.CFG,PETIR,parse returned None,
C:\Users\hafizna.fadhli\Downloads\36. DFR GANGGUAN UIT JBT\raw_data\UPT CIREBON\2022\02. FEBRUARI\08. RECLOSE SUTET 500 KV TASIKMALAYA-KESUGIHAN #1 (26 FEBRUARI 2022) PETIR\Download Rele Main A dan B Kesugihan 1\Reclose kesugihan 1 26022022 main b.CFG,PETIR,parse returned None,
C:\Users\hafizna.fadhli\Downloads\36. DFR GANGGUAN UIT JBT\raw_data\UPT CIREBON\2022\03. MARET\01. RECLOSE & TRIP SUTT 70 KV ARJAWINANGUN-KADIPATEN #1-2  (05 MARET 2022) PETIR\20220305_155154_231_r001_20220305T155559_KDPTN_AWN1_Distance.cfg,PETIR,protection=UNKNOWN,
C:\Users\hafizna.fadhli\Downloads\36. DFR GANGGUAN UIT JBT\raw_data\UPT CIREBON\2023\01. JANUARI\04. RECLOSE SUTET 500 KV MDRCN-CEP 2 (17 JAN 2023) PETIR\DFR INTERNAL GITET MDRCN\MAIN 2\Tuesday 17 January 2023 11.33.23.000.CFG,PETIR,protection=TRANSFORMER_DIFF,
C:\Users\hafizna.fadhli\Downloads\36. DFR GANGGUAN UIT JBT\raw_data\UPT CIREBON\2023\01. JANUARI\04. RECLOSE SUTET 500 KV MDRCN-CEP 2 (17 JAN 2023) PETIR\DFR INTERNAL GITET MDRCN\MAIN 2\Tuesday 17 January 2023 11.46.15.000.CFG,PETIR,no fault detected,
C:\Users\hafizna.fadhli\Downloads\36. DFR GANGGUAN UIT JBT\raw_data\UPT CIREBON\2023\01. JANUARI\22012023 KSBRU1 GI PLTU INDRAMAYU PETIR\DFR EKSTERNAL\ZQ22.cfg,PETIR,protection=UNKNOWN,
C:\Users\hafizna.fadhli\Downloads\36. DFR GANGGUAN UIT JBT\raw_data\UPT CIREBON\2023\02. FEBRUARI\1. RECLOSE SUTT 70 KV BANJAR - PANGANDARAN #2 (17-02-2023) BENDA ASING\DFR Eksternal GI Banjar\Rek 1 DFR Banjar.cfg,BENDA_ASING,protection=UNKNOWN,
C:\Users\hafizna.fadhli\Downloads\36. DFR GANGGUAN UIT JBT\raw_data\UPT CIREBON\2023\02. FEBRUARI\1. RECLOSE SUTT 70 KV BANJAR - PANGANDARAN #2 (17-02-2023) BENDA ASING\DFR Eksternal GI Banjar\Rek 3 DFR Banjar.cfg,BENDA_ASING,protection=UNKNOWN,
C:\Users\hafizna.fadhli\Downloads\36. DFR GANGGUAN UIT JBT\raw_data\UPT CIREBON\2023\02. FEBRUARI\1. RECLOSE SUTT 70 KV BANJAR - PANGANDARAN #2 (17-02-2023) BENDA ASING\DFR Eksternal GI Banjar\Rek 4 DFR Banjar.cfg,BENDA_ASING,no fault detected,
"C:\Users\hafizna.fadhli\Downloads\36. DFR GANGGUAN UIT JBT\raw_data\UPT CIREBON\2023\02. FEBRUARI\3. RECLOSE SRAGI-ARJWN 1,2 (27 FEB 2023) KONDUKTOR\GI ARJWN\PHT 1\Monday 27 February 2023 14.38.33.001.CFG",KONDUKTOR,no fault detected,
C:\Users\hafizna.fadhli\Downloads\36. DFR GANGGUAN UIT JBT\raw_data\UPT CIREBON\2023\03. MARET\01. RECLOSE MDRCN- PMLG 3 (4 MAR 2023) PETIR\Main 2\Pemalang 3\1\DR\Saturday 04 March 2023 16.43.34.000.CFG,PETIR,protection=TRANSFORMER_DIFF,
"C:\Users\hafizna.fadhli\Downloads\36. DFR GANGGUAN UIT JBT\raw_data\UPT CIREBON\2023\03. MARET\02. DMYU_DLTMS#1 (25 MAR 2023) PETIR\DFR Eksternal\230325,081839806,+7h0,GITET 500KV INDRAMAYU,DELTAMAS 1-2,Qualitrol LLC.cfg",PETIR,protection=UNKNOWN,
"C:\Users\hafizna.fadhli\Downloads\36. DFR GANGGUAN UIT JBT\raw_data\UPT CIREBON\2023\03. MARET\02. DMYU_DLTMS#1 (25 MAR 2023) PETIR\DFR Eksternal\230325,081840850,+7h0,GITET 500KV INDRAMAYU,DELTAMAS 1-2,Qualitrol LLC.cfg",PETIR,protection=UNKNOWN,
C:\Users\hafizna.fadhli\Downloads\36. DFR GANGGUAN UIT JBT\raw_data\UPT CIREBON\2023\03. MARET\04. RECLOSE DAN TRIP SUTT 150 KV JTBRG HRGLS (30 MAR 2023) PETIR\DISTANCE RELAY GI HRGLS BAY JTBRG\Friday 31 March 2023 00.54.05.000.CFG,PETIR,protection=UNKNOWN,
C:\Users\hafizna.fadhli\Downloads\36. DFR GANGGUAN UIT JBT\raw_data\UPT CIREBON\2023\03. MARET\04. RECLOSE DAN TRIP SUTT 150 KV JTBRG HRGLS (30 MAR 2023) PETIR\DISTANCE RELAY GI JATIBARG BAY HRGLS\Friday 31 March 2023 00.32.29.000.CFG,PETIR,no fault detected,
C:\Users\hafizna.fadhli\Downloads\36. DFR GANGGUAN UIT JBT\raw_data\UPT CIREBON\2023\04. APRIL\01. RECLOSE SUTET 500KV TASIKMALAYA-DEPOK #1 (02 APRIL 2023) PETIR\DFR GITET DEPOK\Sunday 02 April 2023 15.20.02.000.CFG,PETIR,no fault detected,
C:\Users\hafizna.fadhli\Downloads\36. DFR GANGGUAN UIT JBT\raw_data\UPT CIREBON\2023\04. APRIL\02. RECLOSE BAY TASIKMALAYA GI MALANGBONG (05 APRL 2023) PETIR\DFR EKSTERNAL\ZQ1.cfg,PETIR,protection=UNKNOWN,
C:\Users\hafizna.fadhli\Downloads\36. DFR GANGGUAN UIT JBT\raw_data\UPT CIREBON\2023\04. APRIL\02. RECLOSE BAY TASIKMALAYA GI MALANGBONG (05 APRL 2023) PETIR\RELAI DISTANCE\BAY TASIKMALAYA 2 GI MALANGBONG\Wednesday 05 April 2023 17.12.38.000.CFG,PETIR,protection=DIRECTIONAL_EF,
C:\Users\hafizna.fadhli\Downloads\36. DFR GANGGUAN UIT JBT\raw_data\UPT CIREBON\2023\04. APRIL\03. RECLOSE SRAGI-ARJWN 1 (8 APR 2023) PETIR\GI ARJWN\BAY SRAGI 1 8 April 2023_agsys\P443\1\DR\Saturday 08 April 2023 13.21.46.001.CFG,PETIR,no fault detected,
C:\Users\hafizna.fadhli\Downloads\36. DFR GANGGUAN UIT JBT\raw_data\UPT CIREBON\2023\04. APRIL\03. RECLOSE SRAGI-ARJWN 1 (8 APR 2023) PETIR\GI ARJWN\Saturday 08 April 2023 13.21.46.001.CFG,PETIR,no fault detected,
C:\Users\hafizna.fadhli\Downloads\36. DFR GANGGUAN UIT JBT\raw_data\UPT CIREBON\2023\04. APRIL\06. RECLOSE BAY KARAHA #1 GI GARUT (10 APRIL 2023) LAYANG LAYANG\DFR EKSTERNAL\ZQ1.cfg,LAYANG,protection=UNKNOWN,
C:\Users\hafizna.fadhli\Downloads\36. DFR GANGGUAN UIT JBT\raw_data\UPT CIREBON\2023\04. APRIL\06. RECLOSE BAY KARAHA #1 GI GARUT (10 APRIL 2023) LAYANG LAYANG\RELE LINE DIFF\AA1E1Q10FP1_DR17_20230410145004.cfg,LAYANG,protection=UNKNOWN,
"C:\Users\hafizna.fadhli\Downloads\36. DFR GANGGUAN UIT JBT\raw_data\UPT CIREBON\2023\04. APRIL\09. RECLOSE PRKAN-SMDG 1,2 (13 APR 2023) PETIR\GI SMDG\BAY PRKAN 2\20230413_184410_952_r138.cfg",PETIR,protection=UNKNOWN,
C:\Users\hafizna.fadhli\Downloads\36. DFR GANGGUAN UIT JBT\raw_data\UPT CIREBON\2023\04. APRIL\10. RECLOSE MDRCN-PMLG 4 (16 APR 2023) PETIR\16_04_2023 Pemalang 4 (2).CFG,PETIR,protection=UNKNOWN,
C:\Users\hafizna.fadhli\Downloads\36. DFR GANGGUAN UIT JBT\raw_data\UPT CIREBON\2023\04. APRIL\13. RECLOSE BAY LAMAJAN GI SUMADRA (24 APRIL 2023) PETIR\RELAI DISTANCE\BAY LAMAJAN GI SUMADRA\Monday 24 April 2023 13.51.43.000.CFG,PETIR,protection=UNKNOWN,
C:\Users\hafizna.fadhli\Downloads\36. DFR GANGGUAN UIT JBT\raw_data\UPT CIREBON\2023\05. MEI\1. RECLOSE BAY MALANGBONG #1-2 GI TASIKMALAYA (JAM 16.07 WIB) (04 MEI 2023) PETIR\DFR EKSTERNAL\GI MALANGBONG BAY TASIK #1-2\16.08\ZQ7.cfg,PETIR,protection=UNKNOWN,
C:\Users\hafizna.fadhli\Downloads\36. DFR GANGGUAN UIT JBT\raw_data\UPT CIREBON\2023\05. MEI\2. RECLOSE BAY TASIKMALAYA #1 GI MALANGBONG (JAM 16.08 WIB) (04 MEI 2023) PETIR\DFR EKSTERNAL\GI MALANGBONG BAY TASIK #1-2\ZQ7.cfg,PETIR,protection=UNKNOWN,
C:\Users\hafizna.fadhli\Downloads\36. DFR GANGGUAN UIT JBT\raw_data\UPT CIREBON\2023\05. MEI\2. RECLOSE BAY TASIKMALAYA #1 GI MALANGBONG (JAM 16.08 WIB) (04 MEI 2023) PETIR\DFR EKSTERNAL\GI MALANGBONG BAY TASIK #1-2\ZQ8.cfg,PETIR,protection=UNKNOWN,
C:\Users\hafizna.fadhli\Downloads\36. DFR GANGGUAN UIT JBT\raw_data\UPT CIREBON\2024\01. JANUARI\11. RECLOSE PRKAN-SMDG 2 (31 JAN 2024)_PETIR\GI PARAKAN\SMDG 1 31 JAN 2024\Wednesday 31 January 2024 16.27.32.001.CFG,PETIR,protection=UNKNOWN,
C:\Users\hafizna.fadhli\Downloads\36. DFR GANGGUAN UIT JBT\raw_data\UPT CIREBON\2024\02. FEBRUARI\07. RECLOSE KNCI-BREBES 1 (11 FEB 2024)_PETIR\REKAMAN DFR\GI KANCI\BREBES 1.CFG,PETIR,The truth value of an array with more than one element is ambiguous. Use a.any() or a.all(),"record.time[-1] - record.time[0]) * 1000.0) if getattr(record, ""time"", None) else None
                                                                               ~~~~~~~^^^^^^^^^^^^^^^^^^^^^^
ValueError: The truth value of an array with more than one element is ambiguous. Use a.any() or a.all()
"
C:\Users\hafizna.fadhli\Downloads\36. DFR GANGGUAN UIT JBT\raw_data\UPT CIREBON\2024\02. FEBRUARI\15. RECLOSE BANJAR - PANGANDARAN 1 (24 FEB 2024)_PETIR\DFR Eksternal Bay Banjar 1\DFR Eksternal Bay Banjar 1.cfg,PETIR,protection=UNKNOWN,
C:\Users\hafizna.fadhli\Downloads\36. DFR GANGGUAN UIT JBT\raw_data\UPT CIREBON\2024\02. FEBRUARI\16. RECLOSE SUKSES SUTT 70 KV SUMADRA-PAMEUNGPEUK #1-2 (29 FEB 2024)_PETIR\RELAY DISTANCE\GI PMPEK BAY SMDRA 1\Thursday 29 February 2024 15.07.20.000.CFG,PETIR,protection=UNKNOWN,
C:\Users\hafizna.fadhli\Downloads\36. DFR GANGGUAN UIT JBT\raw_data\UPT CIREBON\2024\04. APRIL\25042024_GI SUMADRA_BAY PAMEUNGPEUK #1_PETIR\DFR EKSTERNAL\GI PAMEUNGPEUK\ZQ20.cfg,PETIR,protection=UNKNOWN,
C:\Users\hafizna.fadhli\Downloads\36. DFR GANGGUAN UIT JBT\raw_data\UPT CIREBON\2025\01.JANUARI\01. RECLOSE TASIKMALAYA - MALANGBONG 2 (7 JAN 2025)_PETIR\DFR Eksternal\Tasikmalaya 2\ZQ30.cfg,PETIR,protection=UNKNOWN,
C:\Users\hafizna.fadhli\Downloads\36. DFR GANGGUAN UIT JBT\raw_data\UPT CIREBON\2025\01.JANUARI\02. RECLOSE BANJAR - PANGANDARAN 1-2 (14 JAN 20245)_PETIR\DFR Eksternal\DFR Eksternal Bay Banjar\ZQ124.cfg,PETIR,protection=UNKNOWN,
C:\Users\hafizna.fadhli\Downloads\36. DFR GANGGUAN UIT JBT\raw_data\UPT CIREBON\2025\01.JANUARI\05. RECLOSE SUKSES SUTT 150 KV DARAJAT-KAMOJANG #1 (26 JAN 2025)_PETIR\DFR EKSTERNAL\ZQ29.cfg,PETIR,protection=UNKNOWN,
C:\Users\hafizna.fadhli\Downloads\36. DFR GANGGUAN UIT JBT\raw_data\UPT CIREBON\2025\01.JANUARI\05. RECLOSE SUKSES SUTT 150 KV DARAJAT-KAMOJANG #1 (26 JAN 2025)_PETIR\RELAY DISTANCE\GI KAMOJANG BAY DARAJAT #1\dfr darajat 1.CFG,PETIR,parse returned None,
"C:\Users\hafizna.fadhli\Downloads\36. DFR GANGGUAN UIT JBT\raw_data\UPT CIREBON\2025\02.FEBRUARI\07. RECLOSE SUTT 70KV BANJAR - PANGANDARAN #2 (25 FEB 2025)_PETIR\DFR Ekternal Bay PDRAN\250225,094405560,+7h0,GI BANJAR,PANGANDARAN 1-2,Qualitrol LLC.cfg",PETIR,protection=UNKNOWN,
C:\Users\hafizna.fadhli\Downloads\36. DFR GANGGUAN UIT JBT\raw_data\UPT CIREBON\2025\03. MARET\02. RECLOSE SUKSES SUTT 150 KV DARAJAT-GARUT #1 (9 MARET 2025)_LAYANG LAYANG\DFR EKSTERNAL\ZQ33.cfg,LAYANG,protection=UNKNOWN,
"C:\Users\hafizna.fadhli\Downloads\36. DFR GANGGUAN UIT JBT\raw_data\UPT CIREBON\2025\04. APRIL\05. RECLOSE SUTET INDRAMAYU-DELTAMAS#1 (12 APRIL 2025)_PETIR\DFR EKSTERNAL\250412,074521545,+7h0,GITET 500KV INDRAMAYU,DELTAMAS 1-2,Qualitrol LLC.cfg",PETIR,protection=UNKNOWN,
"C:\Users\hafizna.fadhli\Downloads\36. DFR GANGGUAN UIT JBT\raw_data\UPT CIREBON\2025\05. MEI\01. RECLOSE JATIBARANG-INDRAMAYU #1 (18 MEI 2025)_PETIR\EKSTERNAL\250518,155149390,+7h0,GI JATIBARANG 70 kV,INDRAMAYU 1-2,Qualitrol LLC.cfg",PETIR,protection=UNKNOWN,
"C:\Users\hafizna.fadhli\Downloads\36. DFR GANGGUAN UIT JBT\raw_data\UPT CIREBON\2025\11. NOVEMBER\IDMYU-MDCAN #1 07112025 PETIR\Eksternal\251107,130948150,+7h0,GITET 500KV INDRAMAYU,MANDIRANCAN 1-2,Qualitrol LLC.cfg",PETIR,protection=UNKNOWN,
C:\Users\hafizna.fadhli\Downloads\36. DFR GANGGUAN UIT JBT\raw_data\UPT CIREBON\2025\11. NOVEMBER\JTBRG - NAWN #2 12112025 PETIR\DFR EKSTERNAL\GI JTBRG5\ZQ3.cfg,PETIR,protection=UNKNOWN,
C:\Users\hafizna.fadhli\Downloads\36. DFR GANGGUAN UIT JBT\raw_data\UPT KARAWANG\2022\01. JANUARI\2022-01-17 PWKTA - SBANG PETIR\GI SUBANG\P442_PWKTA2\1\DR\17 01 2022\Monday 17 January 2022 19.13.15.000.CFG,PETIR,no fault detected,
C:\Users\hafizna.fadhli\Downloads\36. DFR GANGGUAN UIT JBT\raw_data\UPT KARAWANG\2022\03. MARET\18032022 SUTET DELTAMAS CIRATA 2 PETIR\DELTAMAS 2 MAIN A TOSHIBA GRL 200\COMTRADE_20211121_090609.CFG,PETIR,The truth value of an array with more than one element is ambiguous. Use a.any() or a.all(),"record.time[-1] - record.time[0]) * 1000.0) if getattr(record, ""time"", None) else None
                                                                               ~~~~~~~^^^^^^^^^^^^^^^^^^^^^^
ValueError: The truth value of an array with more than one element is ambiguous. Use a.any() or a.all()
"
C:\Users\hafizna.fadhli\Downloads\36. DFR GANGGUAN UIT JBT\raw_data\UPT KARAWANG\2022\03. MARET\18032022 SUTET DELTAMAS CIRATA 2 PETIR\DELTAMAS 2 MAIN B ABB REL 670\AA1J1Q02A120220318192.cfg,PETIR,protection=UNKNOWN,
C:\Users\hafizna.fadhli\Downloads\36. DFR GANGGUAN UIT JBT\raw_data\UPT KARAWANG\2022\03. MARET\18032022 SUTET DELTAMAS CIRATA 2 PETIR\DELTAMAS 2 MAIN B ABB REL 670\AA1J1Q02A120220318193.cfg,PETIR,no fault detected,
C:\Users\hafizna.fadhli\Downloads\36. DFR GANGGUAN UIT JBT\raw_data\UPT KARAWANG\2022\06. JUNI\09062022 GI PABUARAN BAY KAPASITOR TRIP BENDA ASING\PCS9611_RCD_00043_20220609_085933_684.CFG,BENDA_ASING,no fault detected,
C:\Users\hafizna.fadhli\Downloads\36. DFR GANGGUAN UIT JBT\raw_data\UPT KARAWANG\2022\12. DESEMBER\Trip Bay PLTU Indramayu #2 GI Sukamandi (18122022) PETIR\Trip Bay PLTU Indramayu #2 GI Sukamandi (18122022)\gangguan pltu 2.cfg,PETIR,parse returned None,
C:\Users\hafizna.fadhli\Downloads\36. DFR GANGGUAN UIT JBT\raw_data\UPT KARAWANG\2024\04. APRIL\20240404_GI KOSAMBI BARU_BAY PURWAKARTA_PETIR\2039-10-25-16-56-59-893_167(0)_F.cfg,PETIR,parse returned None,
C:\Users\hafizna.fadhli\Downloads\36. DFR GANGGUAN UIT JBT\raw_data\UPT KARAWANG\2024\10. OKTOBER\20241014_CIRATA - PURWAKARTA 2 RECLOSE_PETIR\BAY PURWAKARTA 2 GI CIRATA\BAY 70 KV PWKTA 2.cfg,PETIR,protection=UNKNOWN,
C:\Users\hafizna.fadhli\Downloads\36. DFR GANGGUAN UIT JBT\raw_data\UPT KARAWANG\2024\11. NOVEMBER\20112024_GI PURWAKARTA_BAY CIRATA#2_PETIR\DFR GI CIRATA BAY PWKTA 2\Wednesday 20 November 2024 20.28.18.001.CFG,PETIR,protection=UNKNOWN,
"C:\Users\hafizna.fadhli\Downloads\36. DFR GANGGUAN UIT JBT\raw_data\UPT PURWOKERTO\2022\02. FEBRUARI\06. 26022022 SUTM Kalibakal-Ketenger 1, 2 (15.01) PETIR\Rekaman DFR\Saturday 26 February 2022 14.52.46.000.CFG",PETIR,protection=UNKNOWN,
"C:\Users\hafizna.fadhli\Downloads\36. DFR GANGGUAN UIT JBT\raw_data\UPT PURWOKERTO\2022\02. FEBRUARI\06. 26022022 SUTM Kalibakal-Ketenger 1, 2 (15.01) PETIR\Rekaman DFR\Saturday 26 February 2022 14.52.52.000.CFG",PETIR,protection=UNKNOWN,
C:\Users\hafizna.fadhli\Downloads\36. DFR GANGGUAN UIT JBT\raw_data\UPT PURWOKERTO\2022\04. APRIL\06. 19042022 SUTT Purbalingga-Rawalo 1 (21.28) BINATANG ULAR\Rekaman DFR\19-04-2022 Gangguan Reclose Pbg-Rawalo1\Dfr Ds32.cfg,HEWAN,protection=UNKNOWN,
C:\Users\hafizna.fadhli\Downloads\36. DFR GANGGUAN UIT JBT\raw_data\UPT PURWOKERTO\2022\05. MEI\02. 06052022 SUTT Kalibakal-PLTU Cilacap (21.46) BINATANG ULAR\Rekaman DFR\DFR Internal GI Kalibakal bay PLTU\Internal.cfg,HEWAN,protection=UNKNOWN,
C:\Users\hafizna.fadhli\Downloads\36. DFR GANGGUAN UIT JBT\raw_data\UPT PURWOKERTO\2022\06. JUNI\03. 11062022 SUTT Batang-Pekalongan 1 (14.14) LAYANG LAYANG\Rekaman DFR\DFR INTERNAL\GI BATANG\DR\Saturday 11 June 2022 14.11.29.000.CFG,LAYANG,protection=UNKNOWN,
"C:\Users\hafizna.fadhli\Downloads\36. DFR GANGGUAN UIT JBT\raw_data\UPT PURWOKERTO\2022\10. OKTOBER\06. 23102022 SUTM Kalibakal-Ketenger 1,2 Trip (12.35) PETIR\DOCR KET 2.CFG",PETIR,protection=UNKNOWN,
"C:\Users\hafizna.fadhli\Downloads\36. DFR GANGGUAN UIT JBT\raw_data\UPT PURWOKERTO\2022\10. OKTOBER\06. 23102022 SUTM Kalibakal-Ketenger 1,2 Trip (12.35) PETIR\OCR KET 1.CFG",PETIR,protection=UNKNOWN,
"C:\Users\hafizna.fadhli\Downloads\36. DFR GANGGUAN UIT JBT\raw_data\UPT PURWOKERTO\2022\10. OKTOBER\06. 23102022 SUTM Kalibakal-Ketenger 1,2 Trip (12.35) PETIR\OCR KET 2.CFG",PETIR,protection=UNKNOWN,
"C:\Users\hafizna.fadhli\Downloads\36. DFR GANGGUAN UIT JBT\raw_data\UPT PURWOKERTO\2023\01. JANUARI\05. 19012023 SUTT STAR-Majenang 2  (15.57) PETIR\Rekaman DFR\DFR Eksternal\DFR Eksternal\230119,070822818365,+7,RAWALO 150KV,STAR 1-2,Qualitrol LLC.cfg",PETIR,protection=UNKNOWN,
C:\Users\hafizna.fadhli\Downloads\36. DFR GANGGUAN UIT JBT\raw_data\UPT PURWOKERTO\2023\04. APRIL\06. 23042023 SUTT Kalibakal-PLTU Cilacap Reclose (22.21) PETIR\rekaman dfr\internal pltu.cfg,PETIR,parse returned None,
C:\Users\hafizna.fadhli\Downloads\36. DFR GANGGUAN UIT JBT\raw_data\UPT PURWOKERTO\2023\06. JUNI\02. 21062023 SUTT Rawalo-PLTU (09.40) KONDUKTOR\DFR\Internal sisi PLTU\eksternal.cfg,KONDUKTOR,no fault detected,
C:\Users\hafizna.fadhli\Downloads\36. DFR GANGGUAN UIT JBT\raw_data\UPT PURWOKERTO\2023\06. JUNI\02. 21062023 SUTT Rawalo-PLTU (09.40) KONDUKTOR\DFR\Internal sisi PLTU\internal.cfg,KONDUKTOR,protection=UNKNOWN,
C:\Users\hafizna.fadhli\Downloads\36. DFR GANGGUAN UIT JBT\raw_data\UPT PURWOKERTO\2023\07. JULI\03. 27072023 SUTT Lomanis-Kesugihan (06.20) LAYANG LAYANG\Rekaman DFR\DFR Internal GI Lomanis\DFR Int Lms Bay Ksghn\DFR Int Lms Bay Ksghn.cfg,LAYANG,protection=UNKNOWN,
C:\Users\hafizna.fadhli\Downloads\36. DFR GANGGUAN UIT JBT\raw_data\UPT PURWOKERTO\2023\08. AGUSTUS\03. 10082023 SUTT Lomanis-Kesugihan (16.39) LAYANG LAYANG\GI Lomanis bay ksg_intern\Lomanis bay ksg.cfg,LAYANG,protection=UNKNOWN,
C:\Users\hafizna.fadhli\Downloads\36. DFR GANGGUAN UIT JBT\raw_data\UPT PURWOKERTO\2023\08. AGUSTUS\04. 26082023 SUTT Rawalo-Purbalingga 2 (07.12) LAYANG LAYANG\1.CFG,LAYANG,extract_distance_features returned None,
C:\Users\hafizna.fadhli\Downloads\36. DFR GANGGUAN UIT JBT\raw_data\UPT PURWOKERTO\2023\08. AGUSTUS\05. 30082023 SUTT Semen Nusantara-PLTU Cilacap (17.29) LAYANG LAYANG\Copy of DFR Internal GI STara bay pltu\DFR Internal GI STara bay pltu.cfg,LAYANG,protection=UNKNOWN,
"C:\Users\hafizna.fadhli\Downloads\36. DFR GANGGUAN UIT JBT\raw_data\UPT PURWOKERTO\2023\09. SEPTEMBER\03. 09092023 SUTT Batang-Pekalongan 1 (12.50) LAYANG LAYANG\230909,055009987,+7h0,GI PEKALONGAN,BATANG 1-2,Qualitrol LLC.cfg",LAYANG,protection=UNKNOWN,
"C:\Users\hafizna.fadhli\Downloads\36. DFR GANGGUAN UIT JBT\raw_data\UPT PURWOKERTO\2023\09. SEPTEMBER\03. 09092023 SUTT Batang-Pekalongan 1 (12.50) LAYANG LAYANG\230909,055010200,+7h0,GI 150KV BATANG,PEKALONGAN 1-2,Qualitrol LLC.cfg",LAYANG,protection=UNKNOWN,
"C:\Users\hafizna.fadhli\Downloads\36. DFR GANGGUAN UIT JBT\raw_data\UPT PURWOKERTO\2023\10. OKTOBER\01. 02102023 SUTT Pekalongan-Batang 2 (09.18) BENDA ASING\BTG PKLON 2\231002,021740910,+7h0,GI 150KV BATANG,PEKALONGAN 1-2,Qualitrol LLC.cfg",BENDA_ASING,protection=UNKNOWN,
"C:\Users\hafizna.fadhli\Downloads\36. DFR GANGGUAN UIT JBT\raw_data\UPT PURWOKERTO\2023\11. NOVEMBER\02. 13112023 SUTT KALIBAKAL-BUMIAYU #1 BENDA ASING\231113,020254610,+7h0,GI 150KV BUMIAYU,KALIBAKAL 1-2,Qualitrol LLC.cfg",BENDA_ASING,protection=UNKNOWN,
"C:\Users\hafizna.fadhli\Downloads\36. DFR GANGGUAN UIT JBT\raw_data\UPT PURWOKERTO\2023\11. NOVEMBER\04. 29112023 SUTET Pemalang-Tanjung Jati 1 (14.54) PETIR\231129,075359730,+7h0,GITET 500KV PEMALANG,IBT 2 - TANJUNG JATI 1,Qualitrol LLC.cfg",PETIR,protection=UNKNOWN,
C:\Users\hafizna.fadhli\Downloads\36. DFR GANGGUAN UIT JBT\raw_data\UPT PURWOKERTO\2023\11. NOVEMBER\05. 29112023 SUTM KALIBAKAL-KETENGER #1 & #2 (18.53) LAYANG-LAYANG\Ketenger#2.CFG,LAYANG,protection=UNKNOWN,
C:\Users\hafizna.fadhli\Downloads\36. DFR GANGGUAN UIT JBT\raw_data\UPT PURWOKERTO\2023\11. NOVEMBER\05. 29112023 SUTM KALIBAKAL-KETENGER #1 & #2 (18.53) LAYANG-LAYANG\Wednesday 29 November 2023 18.18.57.000.CFG,LAYANG,protection=UNKNOWN,
"C:\Users\hafizna.fadhli\Downloads\36. DFR GANGGUAN UIT JBT\raw_data\UPT PURWOKERTO\2024\01. JANUARI\07. 31012024 SUTT KALIBAKAL-RAWALO (13.53)_PETIR\DFR eksternal\240131,065236258,+7h0,KALIBAKAL 150KV,PLTU CLCAP-RWALO,Qualitrol LLC.cfg",PETIR,protection=UNKNOWN,
"C:\Users\hafizna.fadhli\Downloads\36. DFR GANGGUAN UIT JBT\raw_data\UPT PURWOKERTO\2024\02. FEBRUARI\06. 11022024 SUTT BREBES-KANCI #1 (17.20)_PETIR\240211,102045725,+7h0,GI 150KV BREBES,CEP 1-2,Qualitrol LLC.cfg",PETIR,protection=UNKNOWN,
"C:\Users\hafizna.fadhli\Downloads\36. DFR GANGGUAN UIT JBT\raw_data\UPT PURWOKERTO\2024\04. APRIL\07. 30042024 SUTT BTANG-PKLON #2 (22.05) PETIR\240430,150503030,+7h0,GI 150KV BATANG,PEKALONGAN 1-2,Qualitrol LLC.cfg",PETIR,protection=UNKNOWN,
C:\Users\hafizna.fadhli\Downloads\36. DFR GANGGUAN UIT JBT\raw_data\UPT PURWOKERTO\2024\05. MEI\27052024 FINAL TRIP SUTT RWALO-PBLGA #2 (00.31) BINATANG ULAR\2024-05-27 DFR Eksternal GI Purbalingga bay Rawalo#2\pbg-rwl 2\pbg_rawalo 2.CFG,HEWAN,extract_distance_features returned None,
C:\Users\hafizna.fadhli\Downloads\36. DFR GANGGUAN UIT JBT\raw_data\UPT PURWOKERTO\2024\09. SEPTEMBER\28092024_06.24_TRIP TRF #1 GI COMAL KONDUKTOR\Trafo 1_Diff\Trafo 1_Diff.CFG,KONDUKTOR,protection=TRANSFORMER_DIFF,
C:\Users\hafizna.fadhli\Downloads\36. DFR GANGGUAN UIT JBT\raw_data\UPT PURWOKERTO\2024\11. NOVEMBER\01. 08112024 16.42 TRIP SUTM 30 KV KLBKL-KTNGR #1 PETIR\Friday 08 November 2024 15.55.12.000.CFG,PETIR,protection=UNKNOWN,
C:\Users\hafizna.fadhli\Downloads\36. DFR GANGGUAN UIT JBT\raw_data\UPT PURWOKERTO\2024\11. NOVEMBER\02. 08112024 16.42 TRIP SUTM 30 KV KLBKL-KTNGR #2 PETIR\Friday 08 November 2024 16.03.27.000.CFG,PETIR,protection=UNKNOWN,
C:\Users\hafizna.fadhli\Downloads\36. DFR GANGGUAN UIT JBT\raw_data\UPT PURWOKERTO\2024\11. NOVEMBER\08. 17112024 15.24 TRIP SUTM 30 KV KLBKL-KTNGR #2 PETIR\Sunday 17 November 2024 14.45.24.000.CFG,PETIR,protection=UNKNOWN,
C:\Users\hafizna.fadhli\Downloads\36. DFR GANGGUAN UIT JBT\raw_data\UPT PURWOKERTO\2024\11. NOVEMBER\09. 19112024 15.02 TRIP SUTM 30 KV KLBKL-KTNGR #2 PETIR\Tuesday 19 November 2024 14.23.30.000.CFG,PETIR,protection=UNKNOWN,
C:\Users\hafizna.fadhli\Downloads\36. DFR GANGGUAN UIT JBT\raw_data\UPT PURWOKERTO\2024\12. DESEMBER\04. 08122024 16.35 TRIP SUTM 30 KV KLBKL-KTNGR #1 PETIR\Sunday 08 December 2024 15.47.17.000.CFG,PETIR,protection=UNKNOWN,
C:\Users\hafizna.fadhli\Downloads\36. DFR GANGGUAN UIT JBT\raw_data\UPT PURWOKERTO\2024\12. DESEMBER\05. 08122024 16.35 TRIP SUTM 30 KV KLBKL-KTNGR #2 PETIR\Sunday 08 December 2024 15.55.42.001.CFG,PETIR,protection=UNKNOWN,
C:\Users\hafizna.fadhli\Downloads\36. DFR GANGGUAN UIT JBT\raw_data\UPT PURWOKERTO\2024\12. DESEMBER\09. 11122024 14.54 RECLOSE FASA T SUTT 150 KV RWALO-PBLGA #1 PETIR\2024-12-11 DFR Internal Purbalingga-Rawalo 1\F21 Pbg-Rwl 1_2.CFG,PETIR,protection=UNKNOWN,
C:\Users\hafizna.fadhli\Downloads\36. DFR GANGGUAN UIT JBT\raw_data\UPT PURWOKERTO\2024\12. DESEMBER\10. 13122024 19.40 RECLOSE FASA R SUTT 150 KV KBMEN-GBONG #1 PETIR\2024-12-11 DFR Internal Purbalingga-Rawalo 1\F21 Pbg-Rwl 1_2.CFG,PETIR,protection=UNKNOWN,
C:\Users\hafizna.fadhli\Downloads\36. DFR GANGGUAN UIT JBT\raw_data\UPT PURWOKERTO\2024\12. DESEMBER\14. 25122024 19.59 RECLOSE FASA R SUTT 150 KV KSGHN-GBONG #1 PETIR\Reclose Gombong 1\OSCI 2.CFG,PETIR,protection=UNKNOWN,
C:\Users\hafizna.fadhli\Downloads\36. DFR GANGGUAN UIT JBT\raw_data\UPT PURWOKERTO\2025\1. JANUARI\03. 110125 18.56 - RECLOSE 1 SISI SUTT 150 KV KBSEN-BLPLG #1 PETIR\Saturday 11 January 2025 18.25.04.000.CFG,PETIR,no fault detected,
C:\Users\hafizna.fadhli\Downloads\36. DFR GANGGUAN UIT JBT\raw_data\UPT PURWOKERTO\2025\10. OKTOBER\02. 20102025 15.49 - TRIP SUTM 30 kV KLBKL-KTNGR #12 PETIR\Ketenger#2.CFG,PETIR,protection=UNKNOWN,
C:\Users\hafizna.fadhli\Downloads\36. DFR GANGGUAN UIT JBT\raw_data\UPT PURWOKERTO\2025\10. OKTOBER\02. 20102025 15.49 - TRIP SUTM 30 kV KLBKL-KTNGR #12 PETIR\KTG1.CFG,PETIR,protection=UNKNOWN,
C:\Users\hafizna.fadhli\Downloads\36. DFR GANGGUAN UIT JBT\raw_data\UPT PURWOKERTO\2025\11. NOVEMBER\04. 11112025 14.07 - TRIP SUTM 30 kV KLBKL-KTNGR #12 PETIR\Tuesday 11 November 2025 14.07.26.000.CFG,PETIR,protection=UNKNOWN,
C:\Users\hafizna.fadhli\Downloads\36. DFR GANGGUAN UIT JBT\raw_data\UPT PURWOKERTO\2025\11. NOVEMBER\04. 11112025 14.07 - TRIP SUTM 30 kV KLBKL-KTNGR #12 PETIR\Tuesday 11 November 2025 14.07.40.000.CFG,PETIR,protection=UNKNOWN,
C:\Users\hafizna.fadhli\Downloads\36. DFR GANGGUAN UIT JBT\raw_data\UPT PURWOKERTO\2025\3. MARET\09. 280325 16.59 - RECLOSE FASA R SUTT 150 KV KSGHN-GBONG #1 (ULTG WNSBO) PETIR\GOMBONG 1 JAM 16.58 28 MARET 2025\Fault Record.CFG,PETIR,protection=UNKNOWN,
"C:\Users\hafizna.fadhli\Downloads\36. DFR GANGGUAN UIT JBT\raw_data\UPT PURWOKERTO\2025\4. APRIL\2.) 06042025 14.39 - RECLOSE FASA R SUTT 150 KV BRBES-KANCI #2 PETIR\250406,073922870,+7h0,GI 150KV BREBES,CEP 1-2,Qualitrol LLC.cfg",PETIR,protection=UNKNOWN,
C:\Users\hafizna.fadhli\Downloads\36. DFR GANGGUAN UIT JBT\raw_data\UPT PURWOKERTO\2025\4. APRIL\3.) 10042025 00.16 - RECLOSE FASA R SUTT 150 KV KSGHN-LMNIS PETIR\250410_00.45_DFR_F21_GIlomanis bay Kesugihan.CFG,PETIR,protection=UNKNOWN,
C:\Users\hafizna.fadhli\Downloads\36. DFR GANGGUAN UIT JBT\raw_data\UPT PURWOKERTO\2025\4. APRIL\5.) 10042025 14.18 - RECLOSE FASA R SUTT 150 KV RWALO-PLTU #2 PETIR\DFR Internal GIS PLTU bay Rawalo#2.cfg,PETIR,parse returned None,
C:\Users\hafizna.fadhli\Downloads\36. DFR GANGGUAN UIT JBT\raw_data\UPT PURWOKERTO\2025\4. APRIL\7.) 18042025 13.26 - TRIP SUTM 30 kV KLBKL-KTNGR #2 PETIR\Friday 18 April 2025 13.42.54.000.CFG,PETIR,protection=UNKNOWN,
C:\Users\hafizna.fadhli\Downloads\36. DFR GANGGUAN UIT JBT\raw_data\UPT PURWOKERTO\2025\4. APRIL\8.) 18042025 14.32 - TRIP SUTM 30 KV KLBKL-KTNGR #1 PETIR\Friday 18 April 2025 13.42.54.000.CFG,PETIR,protection=UNKNOWN,
"C:\Users\hafizna.fadhli\Downloads\36. DFR GANGGUAN UIT JBT\raw_data\UPT PURWOKERTO\2025\5. MEI\01.) 04052025 12.58 - RECLOSE SUTET 500 KV KSGHN-TASIK #1 PETIR\250504,055814136,+7h0,GITET 500KV KESUGIHAN,TASIK 1-2,Qualitrol LLC.cfg",PETIR,protection=UNKNOWN,
"C:\Users\hafizna.fadhli\Downloads\36. DFR GANGGUAN UIT JBT\raw_data\UPT PURWOKERTO\2025\5. MEI\08.) 23052025 15.15 - RECLOSE 1 SISI SUTT 150kV KLBKL-PLTU PETIR\250523,081428668,+7h0,KALIBAKAL 150KV,PLTU CLCAP-RWALO,Qualitrol LLC.cfg",PETIR,protection=UNKNOWN,
C:\Users\hafizna.fadhli\Downloads\36. DFR GANGGUAN UIT JBT\raw_data\UPT PURWOKERTO\2025\6. JUNI\01.) 04062025 19.20 - RECLOSE FASA R SUTT 150 kV RWALO-PLTU #2 PETIR\250604_DFR Internal GIS PLTU bay Rawalo2.cfg,PETIR,protection=UNKNOWN,
"C:\Users\hafizna.fadhli\Downloads\36. DFR GANGGUAN UIT JBT\raw_data\UPT PURWOKERTO\2025\8. AGUSTUS\03. 05082025 16.02 - RECLOSE FASA R SUTT 150 kV BRBES-KANCI #2 PETIR\250805,090243710,+7h0,GI 150KV BREBES,CEP 1-2,Qualitrol LLC.cfg",PETIR,protection=UNKNOWN,
C:\Users\hafizna.fadhli\Downloads\36. DFR GANGGUAN UIT JBT\raw_data\UPT SALATIGA\2022\04. APRIL\01042022 - Trip SUTT Pedan-Klaten#1 KONDUKTOR\PEDAN KLATEN 2 1042022\ZQ1D.cfg,KONDUKTOR,protection=UNKNOWN,
C:\Users\hafizna.fadhli\Downloads\36. DFR GANGGUAN UIT JBT\raw_data\UPT SALATIGA\2024\4.APRIL\20240426_GI KENTUNGAN_BAY PEDAN2_PETIR\DFR Relay LCD GI Kentungan Bay Pedan 2\20240326_163425_865_r131.cfg,PETIR,The truth value of an array with more than one element is ambiguous. Use a.any() or a.all(),"record.time[-1] - record.time[0]) * 1000.0) if getattr(record, ""time"", None) else None
                                                                               ~~~~~~~^^^^^^^^^^^^^^^^^^^^^^
ValueError: The truth value of an array with more than one element is ambiguous. Use a.any() or a.all()
"
C:\Users\hafizna.fadhli\Downloads\36. DFR GANGGUAN UIT JBT\raw_data\UPT SALATIGA\2024\4.APRIL\20240426_GI KENTUNGAN_BAY PEDAN2_PETIR\DFR RELAY LCD GI Pedan Bay Kentungan 2\26032024.CFG,PETIR,protection=TRANSFORMER_DIFF,
C:\Users\hafizna.fadhli\Downloads\36. DFR GANGGUAN UIT JBT\raw_data\UPT SALATIGA\2024\4.APRIL\20240426_GI KENTUNGAN_BAY PEDAN2_PETIR\DFR RELAY LCD GI Pedan Bay Kentungan 2\Tuesday 26 March 2024 23.36.30.000.CFG,PETIR,protection=TRANSFORMER_DIFF,
"C:\Users\hafizna.fadhli\Downloads\36. DFR GANGGUAN UIT JBT\raw_data\UPT SALATIGA\2025\04. APRIL\20250410_GI NGUNTORONADI_BAY PACITAN #1_PETIR\GI Nguntoro pacitan 1\GI Nguntoro pacitan 1\250410,064653619,+7h0,GI NGUNTORONADI,PACITAN 1-2,Qualitrol LLC.cfg",PETIR,protection=UNKNOWN,
C:\Users\hafizna.fadhli\Downloads\36. DFR GANGGUAN UIT JBT\raw_data\UPT SALATIGA\2025\05. MEI\20250505_GI KENTUNGAN_BAY SANGGRAHAN_BENDA ASING\GI SANGGRAHAN\INTERNAL\DFR Internal GI Sanggrahan Bay Kentungan\CSC-101\2025-05-05-10-27-10-735_180(0)_F.cfg,BENDA_ASING,parse returned None,
C:\Users\hafizna.fadhli\Downloads\36. DFR GANGGUAN UIT JBT\raw_data\UPT SALATIGA\2025\05. MEI\20250505_GI KENTUNGAN_BAY SANGGRAHAN_BENDA ASING\GI SANGGRAHAN\INTERNAL\DFR Internal GI Sanggrahan Bay Kentungan\CSC-101\2025-05-05-10-27-13-894_181(0)_F.cfg,BENDA_ASING,parse returned None,
C:\Users\hafizna.fadhli\Downloads\36. DFR GANGGUAN UIT JBT\raw_data\UPT SALATIGA\2025\05. MEI\20250511_GI BOYOLALI_BAY BRINGIN#1_PETIR\GI BOYOLALI\861_11520257856777_FRA00861.CFG,PETIR,protection=UNKNOWN,
C:\Users\hafizna.fadhli\Downloads\36. DFR GANGGUAN UIT JBT\raw_data\UPT SALATIGA\2025\05. MEI\20250511_GI BOYOLALI_BAY BRINGIN#1_PETIR\GI BRINGIN\652_11520257856763_FRA00652.CFG,PETIR,The truth value of an array with more than one element is ambiguous. Use a.any() or a.all(),"record.time[-1] - record.time[0]) * 1000.0) if getattr(record, ""time"", None) else None
                                                                               ~~~~~~~^^^^^^^^^^^^^^^^^^^^^^
ValueError: The truth value of an array with more than one element is ambiguous. Use a.any() or a.all()
"
C:\Users\hafizna.fadhli\Downloads\36. DFR GANGGUAN UIT JBT\raw_data\UPT SALATIGA\2025\05. MEI\20250511_GI BOYOLALI_BAY BRINGIN#1_PETIR\GI BRINGIN\GGN Bringin-Boyolai 1.cfg,PETIR,protection=UNKNOWN,
"C:\Users\hafizna.fadhli\Downloads\36. DFR GANGGUAN UIT JBT\raw_data\UPT SALATIGA\2025\05. MEI\20250517_GITET BOYOLALI_BAY UNGARAN_BENDA ASING\UNGARAN\250517,042312968,+7h0,GITET UNGARAN,PEDAN - KRIAN I,Qualitrol LLC.cfg",BENDA_ASING,protection=UNKNOWN,
C:\Users\hafizna.fadhli\Downloads\36. DFR GANGGUAN UIT JBT\raw_data\UPT SALATIGA\2025\07. JULI\2025_07_12 WATES-BANTUL #2 RECLOSE_ BENDA LAIN LAYANG-LAYANG\dfr_gi_wates_bay_bantul_2\dfr_gi_wates_bay_bantul_2\wates_bay_bantul_2.CFG,LAYANG,extract_distance_features returned None,
"C:\Users\hafizna.fadhli\Downloads\36. DFR GANGGUAN UIT JBT\raw_data\UPT SALATIGA\2025\09. SEPTEMBER\20250902_SUTT KENTUNGAN-SANGGRAHAN RELCOSE_LAYANG-LAYANG\GI SANGGRAHAN BAY KENTUNGAN\250902,190509088,0h0,GI SANGGRAHAN,MDARI-KNTUG,Qualitrol LLC.cfg",LAYANG,no fault detected,
C:\Users\hafizna.fadhli\Downloads\36. DFR GANGGUAN UIT JBT\raw_data\UPT SALATIGA\2026\01. Januari\2026_01_17_Wates-Purworejo #1 & #2 reclose PETIR\EH1 1-17-2026_19-00-33_734 Wates - Purworejo 2.cfg,PETIR,extract_distance_features returned None,
C:\Users\hafizna.fadhli\Downloads\36. DFR GANGGUAN UIT JBT\raw_data\UPT SEMARANG\2022\01. JANUARI\20220111 Semen Grobogan - Mranggen 2 PETIR\20220111 Semen Grobogan - Mranggen 2\DFR Eksternal SBGAN-MRGEN 2\bay mranggen 2.CFG,PETIR,The truth value of an array with more than one element is ambiguous. Use a.any() or a.all(),"record.time[-1] - record.time[0]) * 1000.0) if getattr(record, ""time"", None) else None
                                                                               ~~~~~~~^^^^^^^^^^^^^^^^^^^^^^
ValueError: The truth value of an array with more than one element is ambiguous. Use a.any() or a.all()
"
C:\Users\hafizna.fadhli\Downloads\36. DFR GANGGUAN UIT JBT\raw_data\UPT SEMARANG\2022\03. MARET\20220316 SUTT TANJUNGJATI-JEPARA PETIR\DFR Eksternal GI Tanjungjati bay Jepara 2\ZQ8A.cfg,PETIR,protection=UNKNOWN,
C:\Users\hafizna.fadhli\Downloads\36. DFR GANGGUAN UIT JBT\raw_data\UPT SEMARANG\2022\03. MARET\20220319 SUTT KUDUS-JEPARA PETIR\DFR Internal GI Kudus bay Jepara 2\2022031900.cfg,PETIR,protection=UNKNOWN,
C:\Users\hafizna.fadhli\Downloads\36. DFR GANGGUAN UIT JBT\raw_data\UPT SEMARANG\2022\06. JUNI\20220626 PURWODADI - KEDUNGOMBO 2 PETIR\20220626 DFR GGN PWD-KDO2\20220626 DFR GGN PWD-KDO2\bay pwd 2 20220626\bay pwd 2 20220626\20220626.cfg,PETIR,parse returned None,
C:\Users\hafizna.fadhli\Downloads\36. DFR GANGGUAN UIT JBT\raw_data\UPT SEMARANG\2022\07. JULI\20220705 Reclose Tanjungjati - Ungaran 1 PETIR\GITET Tanjungjati\EVEN PROTECTION 5 JULY 2022\DIFFERENTIAL RELAY OHL 1MP2\DIFFERENTIAL RELAY OHL1 MP2.cfg,PETIR,parse returned None,
C:\Users\hafizna.fadhli\Downloads\36. DFR GANGGUAN UIT JBT\raw_data\UPT SEMARANG\2022\07. JULI\20220705 Reclose Tanjungjati - Ungaran 1 PETIR\GITET Tanjungjati\EVEN PROTECTION 5 JULY 2022\DISTANCE RELAY OHL1MP2\DFR 5 JULY 2022 RELAY DISTANCE OHL1.cfg,PETIR,protection=UNKNOWN,
C:\Users\hafizna.fadhli\Downloads\36. DFR GANGGUAN UIT JBT\raw_data\UPT SEMARANG\2022\09. OKTOBER\20221009 Reclose SUTET Ungaran - Tanjungjati 1 PETIR\DFR Internal Tanjungjati-Ungaran\09102022\DIFFERENTIAL  RELAY OHL1 MP1 09102022.cfg,PETIR,protection=UNKNOWN,
C:\Users\hafizna.fadhli\Downloads\36. DFR GANGGUAN UIT JBT\raw_data\UPT SEMARANG\2022\09. OKTOBER\20221009 Reclose SUTET Ungaran - Tanjungjati 1 PETIR\DFR Internal Tanjungjati-Ungaran\09102022\DISTANCE RELAY OHL1 MP1 09102022.cfg,PETIR,protection=UNKNOWN,
C:\Users\hafizna.fadhli\Downloads\36. DFR GANGGUAN UIT JBT\raw_data\UPT SEMARANG\2022\09. OKTOBER\20221009 Reclose SUTET Ungaran - Tanjungjati 1 PETIR\DFR Internal Ungaran - Tanjungjati\9-10-22 ung-tjati 1 INTERNAL\MAIN 1 TJ JATI 1\MAIN 1 TJ JATI1.cfg,PETIR,protection=UNKNOWN,
C:\Users\hafizna.fadhli\Downloads\36. DFR GANGGUAN UIT JBT\raw_data\UPT SEMARANG\2022\09. OKTOBER\20221009 Reclose SUTET Ungaran - Tanjungjati 1 PETIR\DFR Internal Ungaran - Tanjungjati\9-10-22 ung-tjati 1 INTERNAL\TJ JT 1 LDP 2\ldp2 tj jatii1.cfg,PETIR,parse returned None,
C:\Users\hafizna.fadhli\Downloads\36. DFR GANGGUAN UIT JBT\raw_data\UPT SEMARANG\2022\11. DESEMBER\TANJUNGJATI 2 PETIR\TANJUNGJATI 2\GISYG TJJATI2 RECLOSE.CFG,PETIR,parse returned None,
"C:\Users\hafizna.fadhli\Downloads\36. DFR GANGGUAN UIT JBT\raw_data\UPT SEMARANG\2023\01. JANUARI 2023\20230117 RECLOSE SUKSES KALIWUNGU - WELERI 1,2 PETIR\DFR\DFR\17-1-2023_WELERI_KALIWUNGU\ZQ363.cfg",PETIR,protection=UNKNOWN,
"C:\Users\hafizna.fadhli\Downloads\36. DFR GANGGUAN UIT JBT\raw_data\UPT SEMARANG\2023\01. JANUARI 2023\20230117 RECLOSE SUKSES KALIWUNGU - WELERI 1,2 PETIR\DFR\DFR\BAY KLU 1 PART 2 17 JAN 2023.CFG",PETIR,protection=UNKNOWN,
"C:\Users\hafizna.fadhli\Downloads\36. DFR GANGGUAN UIT JBT\raw_data\UPT SEMARANG\2023\01. JANUARI 2023\20230117 RECLOSE SUKSES KALIWUNGU - WELERI 1,2 PETIR\DFR\DFR\DFR BAY KLU 1 GI WELERI 17 JAN 2023\BAY KLU 1 PART 2 17 JAN 2023.CFG",PETIR,protection=UNKNOWN,
"C:\Users\hafizna.fadhli\Downloads\36. DFR GANGGUAN UIT JBT\raw_data\UPT SEMARANG\2023\01. JANUARI 2023\20230117 RECLOSE SUKSES KALIWUNGU - WELERI 1,2 PETIR\DFR\DFR\Internal Weleri - Kaliwungu 1\BAY KLU 1 PART 2 17 JAN 2023.CFG",PETIR,protection=UNKNOWN,
"C:\Users\hafizna.fadhli\Downloads\36. DFR GANGGUAN UIT JBT\raw_data\UPT SEMARANG\2023\01. JANUARI 2023\20230117 RECLOSE SUKSES KALIWUNGU - WELERI 1,2 PETIR\DFR\DFR\Internal Weleri - Kaliwungu 2\BAY KLU 2 PART 2 17 JAN 2023.CFG",PETIR,protection=UNKNOWN,
"C:\Users\hafizna.fadhli\Downloads\36. DFR GANGGUAN UIT JBT\raw_data\UPT SEMARANG\2023\01. JANUARI 2023\20230117 RECLOSE SUKSES KALIWUNGU - WELERI 1,2 PETIR\DFR\DFR\Internal Weleri - Kaliwungu 2\BAY KLU 2 PART 3 17 JAN 2023.CFG",PETIR,protection=UNKNOWN,
"C:\Users\hafizna.fadhli\Downloads\36. DFR GANGGUAN UIT JBT\raw_data\UPT SEMARANG\2023\01. JANUARI 2023\20230117 RECLOSE SUKSES KALIWUNGU - WELERI 1,2 PETIR\DFR\DFR\Weleri -\ZQ2.cfg",PETIR,no fault detected,
"C:\Users\hafizna.fadhli\Downloads\36. DFR GANGGUAN UIT JBT\raw_data\UPT SEMARANG\2023\01. JANUARI 2023\20230117 RECLOSE SUKSES KALIWUNGU - WELERI 1,2 PETIR\DFR\DFR\Weleri -\ZQ3.cfg",PETIR,protection=UNKNOWN,
"C:\Users\hafizna.fadhli\Downloads\36. DFR GANGGUAN UIT JBT\raw_data\UPT SEMARANG\2023\01. JANUARI 2023\20230117 RECLOSE SUKSES KALIWUNGU - WELERI 1,2 PETIR\DFR\DFR\Weleri -\ZQ4.cfg",PETIR,no fault detected,
"C:\Users\hafizna.fadhli\Downloads\36. DFR GANGGUAN UIT JBT\raw_data\UPT SEMARANG\2023\01. JANUARI 2023\20230117 RECLOSE SUKSES KALIWUNGU - WELERI 1,2 PETIR\DFR\DFR\Weleri -\ZQ5.cfg",PETIR,no fault detected,
C:\Users\hafizna.fadhli\Downloads\36. DFR GANGGUAN UIT JBT\raw_data\UPT SEMARANG\2023\02. FEBRUARI 2023\20230204 Sayung - Tanjungjati 1 PETIR\20230204 gi sayung bay tjjati1\20230204 gi syung tjjati 1rar.CFG,PETIR,parse returned None,
"C:\Users\hafizna.fadhli\Downloads\36. DFR GANGGUAN UIT JBT\raw_data\UPT SEMARANG\2023\02. FEBRUARI 2023\20230204 Sayung - Tanjungjati 1 PETIR\42\230204,222242213,UTC,GI TANJUNG JATI,DISTANCE (P442),Schneider Electric.cfg",PETIR,no fault detected,
C:\Users\hafizna.fadhli\Downloads\36. DFR GANGGUAN UIT JBT\raw_data\UPT SEMARANG\2023\02. FEBRUARI 2023\20230221 GIS KEDUNGOMBO GANGGUAN BUSPRO BINATANG ULAR\P746\1\DR\Tuesday 21 February 2023 22.14.44.000.CFG,HEWAN,protection=TRANSFORMER_DIFF,
C:\Users\hafizna.fadhli\Downloads\36. DFR GANGGUAN UIT JBT\raw_data\UPT SEMARANG\2023\02. FEBRUARI 2023\20230221 GIS KEDUNGOMBO GANGGUAN BUSPRO BINATANG ULAR\P746\1\DR\Wednesday 22 February 2023 02.56.51.000.CFG,HEWAN,no fault detected,
C:\Users\hafizna.fadhli\Downloads\36. DFR GANGGUAN UIT JBT\raw_data\UPT SEMARANG\2023\04. APRIL 2023\20230412 Reclose Blora -Cepu 1 PETIR\23.04.12 20.17.06.000.000.CFG,PETIR,protection=UNKNOWN,
C:\Users\hafizna.fadhli\Downloads\36. DFR GANGGUAN UIT JBT\raw_data\UPT SEMARANG\2023\04. APRIL 2023\20230412 Reclose Blora -Cepu 1 PETIR\blora-cepu\ZQ1.cfg,PETIR,protection=UNKNOWN,
C:\Users\hafizna.fadhli\Downloads\36. DFR GANGGUAN UIT JBT\raw_data\UPT SEMARANG\2023\06. JUNI 2023\20230622 KALIWUNGU - WELERI 2 LAYANG LAYANG\Thursday 22 June 2023 19.41.13.000.CFG,LAYANG,protection=UNKNOWN,
C:\Users\hafizna.fadhli\Downloads\36. DFR GANGGUAN UIT JBT\raw_data\UPT SEMARANG\2023\06. JUNI 2023\20230622 KALIWUNGU - WELERI 2 LAYANG LAYANG\ZQ11.cfg,LAYANG,protection=UNKNOWN,
C:\Users\hafizna.fadhli\Downloads\36. DFR GANGGUAN UIT JBT\raw_data\UPT SEMARANG\2023\06. JUNI 2023\20230622 KALIWUNGU - WELERI 2 LAYANG LAYANG\ZQ12.cfg,LAYANG,no fault detected,
C:\Users\hafizna.fadhli\Downloads\36. DFR GANGGUAN UIT JBT\raw_data\UPT SEMARANG\2023\06. JUNI 2023\20230622 TJAJTI - SAYUNG 2 LAYANG LAYANG\20220622 TJATI-SYG 2\ZQC2.cfg,LAYANG,protection=UNKNOWN,
"C:\Users\hafizna.fadhli\Downloads\36. DFR GANGGUAN UIT JBT\raw_data\UPT SEMARANG\2023\06. JUNI 2023\20230629 PURWODADI - SGB 2 LAYANG LAYANG\20230629 pwd-sgb2\230629,091452880,+7h0,GI 150KV PURWODADI,SEMEN GROBOGAN 1-2,Qualitrol LLC.cfg",LAYANG,protection=UNKNOWN,
"C:\Users\hafizna.fadhli\Downloads\36. DFR GANGGUAN UIT JBT\raw_data\UPT SEMARANG\2023\07. JULI 2023\20230706 UNGARAN - TBROK 2 BINATANG ULAR\230706,125624990,+7h0,GI 150KV UNGARAN,TAMBAKLOROK 1-2,Qualitrol LLC.cfg",HEWAN,protection=UNKNOWN,
C:\Users\hafizna.fadhli\Downloads\36. DFR GANGGUAN UIT JBT\raw_data\UPT SEMARANG\2023\07. JULI 2023\20230706 UNGARAN - TBROK 2 BINATANG ULAR\tbrok 2 06 juli 2023\untitled.cfg,HEWAN,protection=UNKNOWN,
C:\Users\hafizna.fadhli\Downloads\36. DFR GANGGUAN UIT JBT\raw_data\UPT SEMARANG\2023\07. JULI 2023\20230718 SAYUNG - TJJATI 1 BENDA ASING ALUMUNIUM FOIL\23.07.19 00.06.17.000.000.CFG,BENDA_ASING,no fault detected,
C:\Users\hafizna.fadhli\Downloads\36. DFR GANGGUAN UIT JBT\raw_data\UPT SEMARANG\2023\07. JULI 2023\20230718 SAYUNG - TJJATI 1 BENDA ASING ALUMUNIUM FOIL\23.07.19 00.15.35.000.000.CFG,BENDA_ASING,protection=UNKNOWN,
C:\Users\hafizna.fadhli\Downloads\36. DFR GANGGUAN UIT JBT\raw_data\UPT SEMARANG\2023\07. JULI 2023\20230718 SAYUNG - TJJATI 1 BENDA ASING ALUMUNIUM FOIL\23.07.19 00.15.45.000.000.CFG,BENDA_ASING,no fault detected,
C:\Users\hafizna.fadhli\Downloads\36. DFR GANGGUAN UIT JBT\raw_data\UPT SEMARANG\2023\08. AGUSTUS 2023\20230826 TBROK - PDLMPER 2 LAYANG LAYANG\AA1E1Q93FN1_DR522_20230826160630.cfg,LAYANG,protection=UNKNOWN,
C:\Users\hafizna.fadhli\Downloads\36. DFR GANGGUAN UIT JBT\raw_data\UPT SEMARANG\2023\08. AGUSTUS 2023\20230826 TBROK - PDLMPER 2 LAYANG LAYANG\pdlamp-tbrok 2\AA1E1Q02A1_DR816_20230826160548.cfg,LAYANG,protection=UNKNOWN,
"C:\Users\hafizna.fadhli\Downloads\36. DFR GANGGUAN UIT JBT\raw_data\UPT SEMARANG\2023\09. SEPTEMBER 2023\20230913 KRAPYAK - RDRUT #1- #2 LAYANG LAYANG\Eksternal sisi Rdrut\230913,090455410,+7h0,GIS 150KV RANDUGARUT,KRAPYAK 1-2,Qualitrol LLC.cfg",LAYANG,protection=UNKNOWN,
"C:\Users\hafizna.fadhli\Downloads\36. DFR GANGGUAN UIT JBT\raw_data\UPT SEMARANG\2023\09. SEPTEMBER 2023\20230913 KRAPYAK - RDRUT #1- #2 LAYANG LAYANG\Eksternal sisi Rdrut\230913,090456510,+7h0,GIS 150KV RANDUGARUT,KRAPYAK 1-2,Qualitrol LLC.cfg",LAYANG,protection=UNKNOWN,
C:\Users\hafizna.fadhli\Downloads\36. DFR GANGGUAN UIT JBT\raw_data\UPT SEMARANG\2023\10. OKTOBER 2023\20231003 RECLOSE NEW TJJATI - PEMALANG 1 BENDA ASING TERPAL\COMTRADE_20231003_093646.CFG,BENDA_ASING,protection=UNKNOWN,
C:\Users\hafizna.fadhli\Downloads\36. DFR GANGGUAN UIT JBT\raw_data\UPT SEMARANG\2023\11. NOVEMBER 2023\20231109 TRIP 1 SISI UNGRAN - KRIAN PETIR\GITET Ungaran\DFR Internal AR Eksternal\Thursday 09 November 2023 17.05.20.000.CFG,PETIR,protection=UNKNOWN,
C:\Users\hafizna.fadhli\Downloads\36. DFR GANGGUAN UIT JBT\raw_data\UPT SEMARANG\2023\11. NOVEMBER 2023\20231109 TRIP 1 SISI UNGRAN - KRIAN PETIR\GITET Ungaran\DFR Internal LPB Ungaran - Krian\Ungaran - Krian Internal LPB.CFG,PETIR,parse returned None,
C:\Users\hafizna.fadhli\Downloads\36. DFR GANGGUAN UIT JBT\raw_data\UPT SEMARANG\2023\11. NOVEMBER 2023\20231111 TRIP TBROK - UNGR 2 KONDUKTOR\11_11_2023 GGN Tbrok - Lamper - Ungaran 2\DFR Internal Lamper - Tbrok 2\DFR Internal Lamper - Tbrok 2 (1).CFG,KONDUKTOR,protection=UNKNOWN,
C:\Users\hafizna.fadhli\Downloads\36. DFR GANGGUAN UIT JBT\raw_data\UPT SEMARANG\2023\11. NOVEMBER 2023\20231111 TRIP TBROK - UNGR 2 KONDUKTOR\11_11_2023 GGN Tbrok - Lamper - Ungaran 2\DFR Internal Lamper - Tbrok 2\DFR Internal Lamper - Tbrok 2.CFG,KONDUKTOR,protection=UNKNOWN,
C:\Users\hafizna.fadhli\Downloads\36. DFR GANGGUAN UIT JBT\raw_data\UPT SEMARANG\2023\11. NOVEMBER 2023\20231111 TRIP TBROK - UNGR 2 KONDUKTOR\11_11_2023 GGN Tbrok - Lamper - Ungaran 2\DFR Internal Tbrok - Lamper 2\DFR Internal Tbrok - Lamper 2.CFG,KONDUKTOR,protection=UNKNOWN,
C:\Users\hafizna.fadhli\Downloads\36. DFR GANGGUAN UIT JBT\raw_data\UPT SEMARANG\2023\11. NOVEMBER 2023\20231111 TRIP TBROK - UNGR 2 KONDUKTOR\11_11_2023 GGN Tbrok - Lamper - Ungaran 2\DFR Internal Ungaran - Tbrok 2\11-11-2023 TBROK 2 TRIP\TBROK 2.cfg,KONDUKTOR,protection=UNKNOWN,
"C:\Users\hafizna.fadhli\Downloads\36. DFR GANGGUAN UIT JBT\raw_data\UPT SEMARANG\2023\11. NOVEMBER 2023\20231111 TRIP TBROK - UNGR 2 KONDUKTOR\20231111 Ungaran-Tbrok 2\231111,151155520,+7h0,GI 150KV UNGARAN,TAMBAKLOROK 1-2,Qualitrol LLC.cfg",KONDUKTOR,protection=UNKNOWN,
C:\Users\hafizna.fadhli\Downloads\36. DFR GANGGUAN UIT JBT\raw_data\UPT SEMARANG\2023\11. NOVEMBER 2023\20231116 RECLOSE TJJATI - SAYUNG 2 PETIR\20231115 GI Sayung-Tjati 2\20231115 Reclose Tjati 2 GI Sayung.CFG,PETIR,parse returned None,
C:\Users\hafizna.fadhli\Downloads\36. DFR GANGGUAN UIT JBT\raw_data\UPT SEMARANG\2023\11. NOVEMBER 2023\PETIR\COMTRADE_20231129_075359.CFG,PETIR,protection=UNKNOWN,
C:\Users\hafizna.fadhli\Downloads\36. DFR GANGGUAN UIT JBT\raw_data\UPT SEMARANG\2024\01. JANUARI 2024\20240102 RECLOSE PDPYUNG - PDLMPER 1 PETIR\02_01_2024 DFR Eksternal Payung - Lamper 1\ZQA.cfg,PETIR,protection=UNKNOWN,
C:\Users\hafizna.fadhli\Downloads\36. DFR GANGGUAN UIT JBT\raw_data\UPT SEMARANG\2024\01. JANUARI 2024\20240118 RECLOSE TJJATI - SAYUNG 1 PETIR\24.01.17 18.30.22.000.000.CFG,PETIR,no fault detected,
C:\Users\hafizna.fadhli\Downloads\36. DFR GANGGUAN UIT JBT\raw_data\UPT SEMARANG\2024\03. MARET 2024\20240309 Reclose Kudus - Jekulo #2 PETIR\09_03_2024_Kudus-Jekulo 2\ZQ1.cfg,PETIR,protection=UNKNOWN,
C:\Users\hafizna.fadhli\Downloads\36. DFR GANGGUAN UIT JBT\raw_data\UPT SEMARANG\2024\05. MEI 2024\20240605_GIS TAMBAKLOROK BLOK III_BAY TRAFO #2_BINATANG (BURUNG)\trf2 tbrok 050624\AA1E1Q23FN1_DR300_20240605053558.cfg,HEWAN,extract_distance_features returned None,
C:\Users\hafizna.fadhli\Downloads\36. DFR GANGGUAN UIT JBT\raw_data\UPT SEMARANG\2024\11. NOVEMBER 2024\20241121_GI JEPARA_BAY TANJUNGJATI#1_PETIR\20241121_GI TANJUNGJATI_BAY JEPARA#1_DFR\21112024_TJATI_JEPARA\1.cfg,PETIR,protection=UNKNOWN,
C:\Users\hafizna.fadhli\Downloads\36. DFR GANGGUAN UIT JBT\raw_data\UPT SEMARANG\2024\11. NOVEMBER 2024\20241126_GITET UNGARAN_BAY TANJUNGJATI#2_PETIR\20241126 GITET UNGARAN_BAY TANJUNGJATI#2_DFR\20241126 Line Diff Main A T.Jati 2.cfg,PETIR,parse returned None,
C:\Users\hafizna.fadhli\Downloads\36. DFR GANGGUAN UIT JBT\raw_data\UPT SEMARANG\2024\11. NOVEMBER 2024\20241126_GITET UNGARAN_BAY TANJUNGJATI#2_PETIR\20241126 GITET UNGARAN_BAY TANJUNGJATI#2_DFR\20241126 Line Diff Main B T.cfg,PETIR,protection=UNKNOWN,
C:\Users\hafizna.fadhli\Downloads\36. DFR GANGGUAN UIT JBT\raw_data\UPT SEMARANG\2024\12. DESEMBER 2024\20241228_GI KUDUS_BAY JEKULO#2_PETIR\20241228_GI KUDUS_BAY JEKULO#2_DFR\Eksternal 281224_Kudus Jekulo\ZQE.cfg,PETIR,protection=UNKNOWN,
"C:\Users\hafizna.fadhli\Downloads\36. DFR GANGGUAN UIT JBT\raw_data\UPT SEMARANG\2025_DFR GANGGUAN\02. FEBRUARI 2025_DFR_SMG\20250228_GITET UNGARAN_BAY KRIAN_PETIR\250228,083326338,+7h0,GITET UNGARAN,PEDAN - KRIAN I,Qualitrol LLC.cfg",PETIR,protection=UNKNOWN,
"C:\Users\hafizna.fadhli\Downloads\36. DFR GANGGUAN UIT JBT\raw_data\UPT SEMARANG\2025_DFR GANGGUAN\04. APRIL 2025_DFR_SMG\20250413_GI PWDADI_BAY SGB#2_PETIR\13425_sgb_pwddi2\250413,081613130,+7h0,GI 150KV PURWODADI,SEMEN GROBOGAN 1-2,Qualitrol LLC.cfg",PETIR,protection=UNKNOWN,
C:\Users\hafizna.fadhli\Downloads\36. DFR GANGGUAN UIT JBT\raw_data\UPT SEMARANG\2025_DFR GANGGUAN\04. APRIL 2025_DFR_SMG\20250413_GI SGB_BAY PWDADI#2_PETIR\RECLOSE BAY PWD 2 13042025\RECLOSE BAY PWD 2 13042025.CFG,PETIR,The truth value of an array with more than one element is ambiguous. Use a.any() or a.all(),"record.time[-1] - record.time[0]) * 1000.0) if getattr(record, ""time"", None) else None
                                                                               ~~~~~~~^^^^^^^^^^^^^^^^^^^^^^
ValueError: The truth value of an array with more than one element is ambiguous. Use a.any() or a.all()
"
